HP;CZC72491KN
HP;CZC913BL8Q
HP;CZC120BB0Z
HP;CZC72491KW
HP;5CG8507N1P
HP;CND1354S3J
HP;5CD107GD2M
HP;CZC120BB0X
HP;5CD8160FR8
HP;5CD105F84G
HP;5CD6212P18
HP;5CD84711PP
HP;CZC72491KZ
HP;5CG9513T9H
HP;5CD105F85T
HP;5CD143JH1Z
HP;CZC72491KP
HP;5CD7215H5G
HP;CZC120BB0W
HP;5CD136FMNK
HP;5CD223BXR6
HP;CZC72491KQ
HP;5CD110Q10T
HP;5CG1145TSP
HP;5CD6084FQ3
HP;CZC72491KY
HP;5CD010DV2P
HP;CZC72491KS
HP;CZC120BB0T
HP;CZC72491KR
HP;5CG0411WV2
HP;5CD110Q11P
HP;5CD9494VLS
HP;5CG7233N0T
HP;CZC72491KX
HP;5CD7215H5H
HP;5CG8324M1Z
HP;CZC913BL8R
HP;CZC120B7CP
HP;CZC120BB0Y
HP;5CD6035BNX
HP;5CD123B3HX
HP;CZC120BB0V
HP;CZC72491KV
HP;5CG2141SN3
HP;5CG033889D
HP;5CG1102HDQ
HP;5CG9253L1C
HP;5CG7233N16
HP;5CG0135Z1T
HP;CZC24698N3
HP;5CD143JH20
HP;5CG0135Z1F
HP;CZC8158B9S
HP;5CD13696GG
HP;5CD84711PN
HP;CZC102BX7D
HP;CZC72491KT
HP;CZC7259G74
HP;CZC7259G59